Data;Godz.;Dobowa prognoza zapotrzebowania KSE;Rzeczywiste zapotrzebowanie KSE
20220701;1;18200;18099,675
20220701;2;17300;17380,988
20220701;3;16700;16981,163
20220701;4;16650;16783,225
20220701;5;16350;16507,000
20220701;6;17600;16890,525
20220701;7;20600;19271,863
20220701;8;22300;21465,338
20220701;9;23100;22743,400
20220701;10;23300;23094,850
20220701;11;23550;23166,275
20220701;12;23600;23472,550
20220701;13;23750;23513,788
20220701;14;23750;23273,900
20220701;15;23400;22968,575
20220701;16;23400;22947,975
20220701;17;23300;23055,900
20220701;18;23150;22384,238
20220701;19;22950;22019,763
20220701;20;22900;22159,325
20220701;21;22700;21763,863
20220701;22;22500;21147,263
20220701;23;21500;20093,775
20220701;24;20000;18583,613
20220702;1;17700;17336,850
20220702;2;16750;16674,138
20220702;3;16200;16306,925
20220702;4;15850;16130,475
20220702;5;15250;15703,888
20220702;6;15250;15479,475
20220702;7;16950;16293,988
20220702;8;18250;17196,613
20220702;9;19300;18166,988
20220702;10;19700;18973,513
20220702;11;20000;19278,613
20220702;12;20000;19422,888
20220702;13;20000;19251,988
20220702;14;19900;19016,613
20220702;15;19550;18621,963
20220702;16;19300;18391,350
20220702;17;19000;18132,875
20220702;18;18850;17976,463
20220702;19;18700;18011,963
20220702;20;18700;17963,350
20220702;21;18700;17836,263
20220702;22;18600;17769,563
20220702;23;18250;17390,038
20220702;24;17000;16228,225
20220703;1;15500;15240,888
20220703;2;14800;14488,650
20220703;3;14300;14079,563
20220703;4;14000;13753,150
20220703;5;13500;13322,875
20220703;6;13250;13035,925
20220703;7;14150;13477,238
20220703;8;15100;14377,438
20220703;9;15950;15323,563
20220703;10;16500;16074,850
20220703;11;17050;16232,738
20220703;12;17100;16381,200
20220703;13;17100;16212,738
20220703;14;17200;16164,088
20220703;15;17250;16264,388
20220703;16;17300;16149,250
20220703;17;17350;16176,063
20220703;18;17600;16569,688
20220703;19;17800;16941,275
20220703;20;17900;17112,113
20220703;21;17900;17405,763
20220703;22;18100;17676,288
20220703;23;18100;17533,563
20220703;24;17000;16238,363
20220704;1;15850;15091,250
20220704;2;15150;14643,838
20220704;3;14850;14412,200
20220704;4;14700;14303,650
20220704;5;14600;14220,338
20220704;6;16050;14914,463
20220704;7;19450;17766,450
20220704;8;21400;20170,263
20220704;9;22400;21511,663
20220704;10;22600;21921,538
20220704;11;22900;21957,538
20220704;12;23000;22265,713
20220704;13;23200;22416,813
20220704;14;23200;22598,888
20220704;15;23000;22133,050
20220704;16;22850;22094,900
20220704;17;22650;21942,325
20220704;18;22450;21763,288
20220704;19;22300;21407,188
20220704;20;22250;21666,550
20220704;21;22150;21644,850
20220704;22;21850;21235,363
20220704;23;20950;20244,763
20220704;24;19400;18775,825
20220705;1;17850;17559,963
20220705;2;17050;16784,025
20220705;3;16450;16359,925
20220705;4;16400;16306,613
20220705;5;16100;16119,363
20220705;6;17050;16486,988
20220705;7;20000;18784,038
20220705;8;21700;20578,238
20220705;9;22500;21633,838
20220705;10;22600;22165,625
20220705;11;22950;22219,650
20220705;12;23100;22647,050
20220705;13;23150;22778,238
20220705;14;23250;22461,875
20220705;15;22900;22305,375
20220705;16;22750;22306,925
20220705;17;22650;21931,775
20220705;18;22550;21597,725
20220705;19;22250;21291,588
20220705;20;22200;21443,413
20220705;21;22000;21446,925
20220705;22;21750;20909,425
20220705;23;20850;19859,400
20220705;24;19300;18612,888
20220706;1;17700;17442,013
20220706;2;16900;16644,588
20220706;3;16300;16292,575
20220706;4;16300;16214,125
20220706;5;16000;16020,675
20220706;6;16800;16366,125
20220706;7;19800;18446,888
20220706;8;21450;20180,913
20220706;9;22300;21079,138
20220706;10;22400;21185,838
20220706;11;22650;21192,675
20220706;12;22850;21578,375
20220706;13;23050;21726,588
20220706;14;23150;21775,300
20220706;15;22700;21293,788
20220706;16;22550;21492,050
20220706;17;22450;21432,138
20220706;18;22250;21171,088
20220706;19;21950;20627,138
20220706;20;21900;20745,038
20220706;21;21700;20883,763
20220706;22;21400;20644,625
20220706;23;20450;19627,738
20220706;24;19000;18211,100
20220707;1;17650;16930,088
20220707;2;16850;16268,325
20220707;3;16300;15852,775
20220707;4;16250;15805,138
20220707;5;16000;15550,075
20220707;6;16950;15904,425
20220707;7;19750;17996,600
20220707;8;21250;19836,850
20220707;9;22200;20651,900
20220707;10;22300;21013,388
20220707;11;22600;21100,863
20220707;12;22800;21858,500
20220707;13;23000;21813,525
20220707;14;23100;21700,350
20220707;15;22600;21229,350
20220707;16;22400;21597,563
20220707;17;22200;21351,950
20220707;18;22000;21001,675
20220707;19;21650;21002,063
20220707;20;21650;21243,725
20220707;21;21600;21129,600
20220707;22;21300;20845,488
20220707;23;20450;19734,613
20220707;24;19000;18352,425
20220708;1;17350;17103,000
20220708;2;16450;16548,888
20220708;3;16000;16191,713
20220708;4;15950;16181,175
20220708;5;15800;16042,350
20220708;6;16650;16319,025
20220708;7;19350;18382,075
20220708;8;20650;20309,900
20220708;9;21600;21418,938
20220708;10;21800;21709,725
20220708;11;22100;21866,675
20220708;12;22400;21947,963
20220708;13;22550;22361,225
20220708;14;22650;21608,363
20220708;15;22350;21336,650
20220708;16;22250;21354,525
20220708;17;22050;21103,675
20220708;18;21750;20979,788
20220708;19;21250;20785,013
20220708;20;21250;20789,975
20220708;21;21200;20634,913
20220708;22;21000;20115,813
20220708;23;20200;19057,638
20220708;24;18900;17837,788
20220709;1;17600;16665,688
20220709;2;16650;15962,625
20220709;3;16200;15590,275
20220709;4;16050;15435,575
20220709;5;15450;15000,400
20220709;6;15400;14716,613
20220709;7;16800;15618,463
20220709;8;18000;16814,913
20220709;9;19050;17798,925
20220709;10;19600;18516,850
20220709;11;19800;18589,688
20220709;12;19800;18707,888
20220709;13;19800;18577,975
20220709;14;19500;18487,138
20220709;15;18850;17953,750
20220709;16;18550;17941,100
20220709;17;18300;18045,900
20220709;18;18100;17776,163
20220709;19;18100;17630,875
20220709;20;18100;17629,300
20220709;21;18100;17661,238
20220709;22;17950;17618,775
20220709;23;17650;17023,450
20220709;24;16400;15825,588
20220710;1;15200;14755,838
20220710;2;14400;14063,525
20220710;3;13900;13687,488
20220710;4;13600;13350,200
20220710;5;13200;13030,863
20220710;6;12950;12797,225
20220710;7;13850;13177,188
20220710;8;14800;13856,763
20220710;9;15750;14577,163
20220710;10;16500;15438,000
20220710;11;16750;16035,350
20220710;12;16800;16409,388
20220710;13;16800;16217,313
20220710;14;16800;16237,950
20220710;15;16700;15583,675
20220710;16;16600;15321,813
20220710;17;16700;15663,700
20220710;18;16800;15995,813
20220710;19;17000;16293,375
20220710;20;17200;16426,400
20220710;21;17350;16573,450
20220710;22;17350;16680,913
20220710;23;17350;16446,463
20220710;24;16300;15349,350
20220711;1;15100;14554,125
20220711;2;14400;14002,850
20220711;3;14100;13774,963
20220711;4;14000;13707,000
20220711;5;13900;13764,513
20220711;6;15650;14346,925
20220711;7;19050;17080,000
20220711;8;20800;19358,313
20220711;9;21700;20494,413
20220711;10;21900;20913,938
20220711;11;22200;20781,763
20220711;12;22550;20965,050
20220711;13;22700;21685,675
20220711;14;22700;21155,813
20220711;15;22500;20711,275
20220711;16;22400;20692,663
20220711;17;22100;20305,238
20220711;18;21800;20703,050
20220711;19;21400;20562,975
20220711;20;21400;20696,375
20220711;21;21250;20644,675
20220711;22;20950;20394,788
20220711;23;20050;19277,838
20220711;24;18650;17751,875
20220712;1;17150;16535,413
20220712;2;16250;15867,600
20220712;3;15850;15496,138
20220712;4;15800;15494,238
20220712;5;15650;15360,238
20220712;6;16500;15684,913
20220712;7;19300;17919,200
20220712;8;20600;19896,188
20220712;9;21400;20770,050
20220712;10;21600;21157,125
20220712;11;21950;21000,563
20220712;12;22350;21238,150
20220712;13;22550;21364,613
20220712;14;22650;21011,825
20220712;15;22350;20707,150
20220712;16;22250;20689,663
20220712;17;22050;21059,763
20220712;18;21750;20473,900
20220712;19;21450;20283,788
20220712;20;21450;20605,463
20220712;21;21400;20873,588
20220712;22;21200;20592,850
20220712;23;20400;19293,563
20220712;24;19100;17810,775
20220713;1;17350;16754,975
20220713;2;16700;16134,250
20220713;3;16200;15709,275
20220713;4;16150;15733,425
20220713;5;16000;15666,275
20220713;6;16900;15839,263
20220713;7;19850;17959,613
20220713;8;21550;19913,488
20220713;9;22550;20926,788
20220713;10;22650;21192,788
20220713;11;23000;20898,888
20220713;12;23100;21289,263
20220713;13;23150;21603,563
20220713;14;23300;21593,413
20220713;15;23050;21448,238
20220713;16;22950;21613,125
20220713;17;22850;21541,088
20220713;18;22750;21627,025
20220713;19;22250;21454,450
20220713;20;22200;21338,250
20220713;21;22000;21295,800
20220713;22;21650;20946,663
20220713;23;20750;19710,088
20220713;24;19200;18364,938
20220714;1;17350;17202,175
20220714;2;16700;16598,538
20220714;3;16200;16215,438
20220714;4;16150;16090,338
20220714;5;16000;15845,288
20220714;6;16800;16132,238
20220714;7;19550;18247,675
20220714;8;21050;20176,375
20220714;9;22050;21393,650
20220714;10;22150;21748,900
20220714;11;22350;21573,925
20220714;12;22600;21704,650
20220714;13;22650;21653,425
20220714;14;22650;21969,313
20220714;15;22450;21779,075
20220714;16;22350;21499,313
20220714;17;22100;21919,375
20220714;18;22000;21624,838
20220714;19;21600;21398,950
20220714;20;21600;21385,250
20220714;21;21550;21302,300
20220714;22;21200;20873,450
20220714;23;20300;19714,450
20220714;24;19000;18351,788
20220715;1;17150;17060,138
20220715;2;16500;16520,000
20220715;3;16000;16120,863
20220715;4;15950;16045,088
20220715;5;15800;15898,913
20220715;6;16600;16125,700
20220715;7;19350;17974,713
20220715;8;20850;19747,225
20220715;9;21850;20840,600
20220715;10;21950;20925,700
20220715;11;22150;20662,300
20220715;12;22400;21095,263
20220715;13;22450;21301,963
20220715;14;22450;20954,650
20220715;15;21950;20572,850
20220715;16;21850;20644,988
20220715;17;21600;20509,925
20220715;18;21500;20521,313
20220715;19;21100;20437,063
20220715;20;21100;20440,863
20220715;21;21150;20433,475
20220715;22;20900;20048,800
20220715;23;20000;18909,038
20220715;24;18700;17691,975
20220716;1;17300;16491,263
20220716;2;16350;15721,788
20220716;3;15800;15345,625
20220716;4;15650;15252,800
20220716;5;15050;14902,225
20220716;6;14900;14617,575
20220716;7;16450;15367,013
20220716;8;17750;16774,138
20220716;9;18800;17936,575
20220716;10;19100;18492,500
20220716;11;19300;18672,900
20220716;12;19300;18898,900
20220716;13;19300;18908,663
20220716;14;19200;18473,463
20220716;15;18950;18121,488
20220716;16;18700;17923,338
20220716;17;18500;17870,775
20220716;18;18350;18217,800
20220716;19;18200;17633,225
20220716;20;18200;17736,675
20220716;21;18200;17723,638
20220716;22;18200;17596,238
20220716;23;17850;16851,625
20220716;24;16600;15730,550
20220717;1;15200;14575,000
20220717;2;14300;14065,188
20220717;3;13800;13692,813
20220717;4;13500;13453,225
20220717;5;13300;13025,888
20220717;6;13000;12743,338
20220717;7;13650;13130,238
20220717;8;14500;13868,838
20220717;9;15450;14718,875
20220717;10;16300;15307,800
20220717;11;16650;15540,925
20220717;12;16700;15849,700
20220717;13;16700;15771,525
20220717;14;16700;16059,288
20220717;15;16400;15926,863
20220717;16;16300;15635,488
20220717;17;16350;15455,950
20220717;18;16550;15590,625
20220717;19;16750;16042,288
20220717;20;16800;16453,925
20220717;21;16800;16768,950
20220717;22;17100;17062,513
20220717;23;17150;16683,738
20220717;24;16000;15604,625
20220718;1;14950;14714,550
20220718;2;14200;14275,725
20220718;3;13950;14043,425
20220718;4;13750;14090,613
20220718;5;13850;14108,538
20220718;6;15450;14635,038
20220718;7;18900;17209,438
20220718;8;20700;19306,600
20220718;9;21750;20746,188
20220718;10;22000;20983,400
20220718;11;22300;20822,825
20220718;12;22500;21020,938
20220718;13;22700;21115,950
20220718;14;22700;21104,963
20220718;15;22250;20876,900
20220718;16;22100;20925,438
20220718;17;21900;20832,750
20220718;18;21750;20794,438
20220718;19;21600;20846,050
20220718;20;21650;20925,988
20220718;21;21550;20996,050
20220718;22;21300;20734,563
20220718;23;20350;19516,250
20220718;24;18800;18116,500
20220719;1;17700;16884,200
20220719;2;17000;16332,675
20220719;3;16500;15923,088
20220719;4;16450;15840,263
20220719;5;16350;15736,638
20220719;6;17500;15958,263
20220719;7;20450;18037,988
20220719;8;22150;20047,338
20220719;9;22950;21347,238
20220719;10;23050;21825,513
20220719;11;23250;21842,588
20220719;12;23600;22112,100
20220719;13;23650;22267,563
20220719;14;23750;22058,575
20220719;15;23450;21844,225
20220719;16;23450;21882,925
20220719;17;23350;21748,250
20220719;18;23150;21694,075
20220719;19;22850;21531,213
20220719;20;22800;21606,088
20220719;21;22600;21613,325
20220719;22;22350;21337,950
20220719;23;21450;20074,888
20220719;24;19900;18564,538
20220720;1;17900;17229,463
20220720;2;17200;16411,750
20220720;3;16700;16127,450
20220720;4;16650;15981,188
20220720;5;16350;15813,813
20220720;6;17500;16088,400
20220720;7;20650;18279,375
20220720;8;22350;20459,775
20220720;9;23250;21747,963
20220720;10;23350;22075,488
20220720;11;23550;22078,850
20220720;12;23600;22436,488
20220720;13;23650;22593,325
20220720;14;23750;22499,113
20220720;15;23450;22044,563
20220720;16;23450;22196,775
20220720;17;23350;22151,413
20220720;18;23150;22117,163
20220720;19;22850;22000,563
20220720;20;22800;21953,875
20220720;21;22600;21890,675
20220720;22;22350;21577,650
20220720;23;21450;20257,175
20220720;24;19900;18683,125
20220721;1;17700;17367,813
20220721;2;17000;16569,250
20220721;3;16500;16101,463
20220721;4;16450;16077,163
20220721;5;16150;15933,625
20220721;6;17300;16195,775
20220721;7;20450;18389,125
20220721;8;21950;20673,338
20220721;9;22850;21948,088
20220721;10;22950;22287,525
20220721;11;23150;22240,775
20220721;12;23200;22650,363
20220721;13;23250;22683,938
20220721;14;23350;22507,138
20220721;15;23050;22390,375
20220721;16;23050;22554,638
20220721;17;22950;22571,863
20220721;18;22750;22422,400
20220721;19;22450;22244,463
20220721;20;22400;22211,613
20220721;21;22200;22087,563
20220721;22;21950;21799,938
20220721;23;21050;20530,075
20220721;24;19500;18948,900
20220722;1;17400;17706,000
20220722;2;16700;16841,413
20220722;3;16200;16515,538
20220722;4;16150;16388,075
20220722;5;15850;16373,188
20220722;6;17000;16536,363
20220722;7;20150;18763,138
20220722;8;21850;20802,513
20220722;9;22750;21956,688
20220722;10;22850;22292,375
20220722;11;23050;22442,700
20220722;12;23100;22749,388
20220722;13;23150;23078,088
20220722;14;23250;22921,188
20220722;15;22950;22712,513
20220722;16;22950;22722,500
20220722;17;22850;22593,675
20220722;18;22650;22455,938
20220722;19;22350;22178,375
20220722;20;22300;21893,575
20220722;21;22100;21700,625
20220722;22;21850;21399,875
20220722;23;20950;20214,950
20220722;24;19400;18760,638
20220723;1;18100;17475,675
20220723;2;17150;16630,525
20220723;3;16600;16114,900
20220723;4;16350;15948,488
20220723;5;15750;15579,000
20220723;6;15750;15331,700
20220723;7;17450;16173,575
20220723;8;18750;17540,525
20220723;9;19800;18795,750
20220723;10;20100;19607,838
20220723;11;20400;19856,763
20220723;12;20400;20096,638
20220723;13;20450;20086,013
20220723;14;20500;19834,750
20220723;15;20250;19653,200
20220723;16;20000;19547,613
20220723;17;19800;19529,863
20220723;18;19650;19112,150
20220723;19;19500;19019,675
20220723;20;19500;18600,950
20220723;21;19300;18444,875
20220723;22;19200;18389,275
20220723;23;18750;17542,988
20220723;24;17500;16218,538
20220724;1;15700;15101,263
20220724;2;14800;14588,675
20220724;3;14300;14148,763
20220724;4;13900;14018,563
20220724;5;13600;13654,013
20220724;6;13300;13298,375
20220724;7;14150;13592,150
20220724;8;15100;14370,650
20220724;9;16050;15160,188
20220724;10;16900;15831,263
20220724;11;17250;16013,588
20220724;12;17300;16397,713
20220724;13;17300;16598,938
20220724;14;17300;16605,488
20220724;15;17150;16397,913
20220724;16;17100;16355,238
20220724;17;17150;16259,413
20220724;18;17450;16481,400
20220724;19;17650;16857,813
20220724;20;17700;17183,438
20220724;21;17800;17326,063
20220724;22;18100;17673,538
20220724;23;18150;17151,425
20220724;24;17000;16071,363
20220725;1;14838;14945,950
20220725;2;14371;14397,200
20220725;3;14108;14072,388
20220725;4;13988;14034,775
20220725;5;13992;14141,938
20220725;6;14888;14555,488
20220725;7;17754;16865,813
20220725;8;20236;19228,588
20220725;9;21958;20648,338
20220725;10;22379;21213,225
20220725;11;22470;21167,088
20220725;12;22707;21343,438
20220725;13;22893;21482,075
20220725;14;22715;21372,950
20220725;15;22577;21132,925
20220725;16;22358;21510,938
20220725;17;22227;21496,150
20220725;18;22207;21460,838
20220725;19;21996;21340,925
20220725;20;22079;21309,663
20220725;21;21924;21235,588
20220725;22;21374;21094,375
20220725;23;20236;19668,613
20220725;24;18690;18078,000
20220726;1;16973;16935,688
20220726;2;16376;16385,725
20220726;3;16095;16006,575
20220726;4;15978;15865,400
20220726;5;15791;15787,025
20220726;6;16171;16083,575
20220726;7;18614;18039,550
20220726;8;20576;19866,613
20220726;9;21391;21012,750
20220726;10;21543;21709,200
20220726;11;22083;21545,488
20220726;12;22190;21923,813
20220726;13;22258;22252,475
20220726;14;22229;22285,525
20220726;15;22314;22008,450
20220726;16;22266;21913,763
20220726;17;21800;21522,650
20220726;18;21627;21087,250
20220726;19;21193;20782,600
20220726;20;20825;20718,975
20220726;21;20712;20789,600
20220726;22;20413;20381,063
20220726;23;19518;19103,850
20220726;24;17586;17794,150
20220727;1;17354;16573,275
20220727;2;16588;15927,825
20220727;3;16276;15749,975
20220727;4;16125;15665,688
20220727;5;15960;15728,238
20220727;6;16199;15753,388
20220727;7;18421;17780,725
20220727;8;20253;19717,650
20220727;9;21358;20742,888
20220727;10;21857;21120,575
20220727;11;21803;21224,113
20220727;12;22170;21086,950
20220727;13;22346;20922,575
20220727;14;22285;21142,638
20220727;15;22048;20762,713
20220727;16;22172;20746,975
20220727;17;22035;20691,288
20220727;18;21914;20581,500
20220727;19;21696;20356,288
20220727;20;21659;20483,788
20220727;21;21662;20557,038
20220727;22;21466;20409,750
20220727;23;20146;19087,388
20220727;24;18604;17651,088
20220728;1;17018;16405,538
20220728;2;16173;15776,975
20220728;3;15929;15529,175
20220728;4;15906;15418,325
20220728;5;15873;15451,663
20220728;6;16026;15607,463
20220728;7;18192;17571,738
20220728;8;20017;19242,625
20220728;9;21019;20258,925
20220728;10;21571;20333,663
20220728;11;21613;20526,363
20220728;12;21988;20820,813
20220728;13;22206;20908,450
20220728;14;22218;20987,350
20220728;15;21973;20717,600
20220728;16;22040;20677,925
20220728;17;21784;20673,388
20220728;18;21418;20531,325
20220728;19;21158;20514,038
20220728;20;21164;20610,313
20220728;21;21193;20697,475
20220728;22;20967;20453,338
20220728;23;19576;19025,425
20220728;24;18159;17550,588
20220729;1;16640;16295,063
20220729;2;15906;15794,325
20220729;3;15685;15374,625
20220729;4;15603;15292,550
20220729;5;15601;15269,513
20220729;6;15840;15334,863
20220729;7;17899;17266,550
20220729;8;19681;19330,738
20220729;9;20774;20479,750
20220729;10;21068;20877,475
20220729;11;21174;20678,263
20220729;12;21610;21237,688
20220729;13;21707;21346,888
20220729;14;21813;21208,225
20220729;15;21484;20743,875
20220729;16;21462;21006,675
20220729;17;21255;20836,563
20220729;18;21067;20436,788
20220729;19;20856;20370,650
20220729;20;20855;20493,200
20220729;21;20905;20359,300
20220729;22;20627;20115,175
20220729;23;19195;18799,963
20220729;24;17757;17511,263
20220730;1;16950;16394,300
20220730;2;16150;15559,563
20220730;3;15600;15040,913
20220730;4;15450;14917,988
20220730;5;15100;14811,925
20220730;6;14800;14376,100
20220730;7;16650;15282,150
20220730;8;17850;16360,863
20220730;9;19050;17635,888
20220730;10;19500;18591,375
20220730;11;19750;18993,638
20220730;12;19850;19266,163
20220730;13;19800;19051,025
20220730;14;19550;19008,488
20220730;15;19150;18717,700
20220730;16;18850;18432,888
20220730;17;18700;18359,563
20220730;18;18500;18248,163
20220730;19;18350;18043,675
20220730;20;18250;18017,263
20220730;21;18700;18109,300
20220730;22;18650;17849,675
20220730;23;17850;16929,563
20220730;24;16600;15713,363
20220731;1;15500;14668,688
20220731;2;14650;14147,775
20220731;3;14149;13771,313
20220731;4;13850;13548,163
20220731;5;13550;13438,263
20220731;6;13151;13051,913
20220731;7;14150;13364,025
20220731;8;15100;13957,013
20220731;9;16050;14740,175
20220731;10;16900;15733,088
20220731;11;17250;16378,513
20220731;12;17300;16690,563
20220731;13;17300;16740,700
20220731;14;17403;16542,300
20220731;15;16950;16295,975
20220731;16;16892;16153,375
20220731;17;16850;16123,450
20220731;18;17042;16256,438
20220731;19;17350;16552,025
20220731;20;17400;16722,288
20220731;21;17768;17016,050
20220731;22;17915;17146,688
20220731;23;17492;16474,575
20220731;24;16450;15334,788
20220801;1;15074;14431,200
20220801;2;14470;13939,988
20220801;3;13996;13630,113
20220801;4;14011;13770,575
20220801;5;14189;13887,750
20220801;6;15509;14260,638
20220801;7;18276;16703,500
20220801;8;20091;18813,875
20220801;9;21032;19950,213
20220801;10;21306;20475,588
20220801;11;21669;20514,425
20220801;12;21876;20518,838
20220801;13;22008;20630,638
20220801;14;22098;20690,850
20220801;15;21616;20303,550
20220801;16;21490;20502,513
20220801;17;21306;20569,275
20220801;18;21059;20377,088
20220801;19;20878;20132,150
20220801;20;20855;20293,525
20220801;21;21150;20530,763
20220801;22;21081;20215,775
20220801;23;19600;18798,213
20220801;24;18242;17366,013
20220802;1;16800;16218,550
20220802;2;16150;15584,150
20220802;3;15650;15258,088
20220802;4;15625;15266,013
20220802;5;15674;15223,038
20220802;6;16400;15403,763
20220802;7;19050;17579,225
20220802;8;20473;19536,563
20220802;9;21301;20750,763
20220802;10;21541;20953,375
20220802;11;21709;21079,063
20220802;12;21950;21431,450
20220802;13;22100;21204,913
20220802;14;22250;21220,613
20220802;15;21700;20976,438
20220802;16;21579;21036,800
20220802;17;21276;20856,688
20220802;18;21081;20808,775
20220802;19;20967;20496,850
20220802;20;21050;20539,575
20220802;21;21200;20867,550
20220802;22;21075;20595,288
20220802;23;19586;19086,975
20220802;24;18245;17553,825
20220803;1;16950;16323,925
20220803;2;16250;15621,925
20220803;3;15900;15297,400
20220803;4;15800;15225,825
20220803;5;15800;15341,750
20220803;6;16500;15483,700
20220803;7;19200;17696,625
20220803;8;20800;19547,638
20220803;9;21650;20783,100
20220803;10;21800;21292,488
20220803;11;22100;21210,613
20220803;12;22100;21633,888
20220803;13;22500;21726,113
20220803;14;22650;21691,825
20220803;15;22100;21267,638
20220803;16;22100;21212,788
20220803;17;21850;21381,813
20220803;18;21550;21322,613
20220803;19;21400;21194,175
20220803;20;21400;21088,513
20220803;21;21600;21276,050
20220803;22;21550;20825,513
20220803;23;20000;19313,225
20220803;24;18750;17725,663
20220804;1;17100;16538,913
20220804;2;16300;15803,088
20220804;3;15950;15490,500
20220804;4;15900;15390,888
20220804;5;15900;15441,538
20220804;6;16700;15514,200
20220804;7;19550;17632,363
20220804;8;21200;19902,663
20220804;9;22000;21167,150
20220804;10;22154;21530,825
20220804;11;22450;21462,950
20220804;12;22650;21620,800
20220804;13;23000;21714,700
20220804;14;23050;21705,763
20220804;15;22650;21356,425
20220804;16;22650;21522,375
20220804;17;22500;21524,913
20220804;18;22300;21571,575
20220804;19;21850;21346,775
20220804;20;21900;21304,413
20220804;21;22050;21200,475
20220804;22;22050;20877,113
20220804;23;20550;19350,750
20220804;24;19250;17851,800
20220805;1;16900;16599,838
20220805;2;16000;15938,575
20220805;3;15600;15684,013
20220805;4;15550;15501,825
20220805;5;15550;15581,325
20220805;6;16550;15654,963
20220805;7;19300;17638,688
20220805;8;21000;19922,425
20220805;9;22050;21192,225
20220805;10;22400;21583,325
20220805;11;22700;21547,013
20220805;12;22900;21857,100
20220805;13;23200;21904,350
20220805;14;23200;21884,513
20220805;15;22800;21499,300
20220805;16;22800;21694,500
20220805;17;22700;21779,438
20220805;18;22500;21744,013
20220805;19;21950;21517,700
20220805;20;21950;21372,225
20220805;21;21900;21235,313
20220805;22;21850;20878,125
20220805;23;20400;19442,850
20220805;24;18950;18113,575
20220806;1;17400;16818,775
20220806;2;16450;16098,125
20220806;3;15900;15594,975
20220806;4;15700;15482,213
20220806;5;15400;15289,213
20220806;6;15200;14915,650
20220806;7;16550;15526,450
20220806;8;17950;16564,850
20220806;9;19100;17713,525
20220806;10;19500;18552,288
20220806;11;19700;18954,813
20220806;12;19700;18900,263
20220806;13;19700;18769,350
20220806;14;19650;18460,550
20220806;15;19250;17963,675
20220806;16;19000;17770,100
20220806;17;18800;17577,663
20220806;18;18600;17547,813
20220806;19;18400;17585,388
20220806;20;18250;17593,625
20220806;21;18250;17759,000
20220806;22;18250;17776,825
20220806;23;17700;16557,525
20220806;24;16450;15509,963
20220807;1;15050;14431,263
20220807;2;14400;13938,400
20220807;3;13900;13645,713
20220807;4;13650;13467,525
20220807;5;13450;13195,463
20220807;6;13000;12759,913
20220807;7;13800;13014,013
20220807;8;14650;13784,225
20220807;9;15550;14883,788
20220807;10;16100;15331,275
20220807;11;16400;15384,100
20220807;12;16500;15504,200
20220807;13;16500;15839,625
20220807;14;16500;15785,863
20220807;15;16500;15507,025
20220807;16;16400;15420,675
20220807;17;16200;15216,525
20220807;18;16150;15690,150
20220807;19;16500;16244,538
20220807;20;16950;16440,588
20220807;21;17500;16878,038
20220807;22;17550;17107,188
20220807;23;16850;16480,688
20220807;24;16000;15351,113
20220808;1;14800;14448,625
20220808;2;14100;13936,950
20220808;3;13700;13693,400
20220808;4;13850;13723,163
20220808;5;14000;13991,588
20220808;6;15550;14382,175
20220808;7;18200;16854,775
20220808;8;19800;18957,300
20220808;9;20750;20248,700
20220808;10;21000;20892,088
20220808;11;21300;20889,913
20220808;12;21350;21166,800
20220808;13;21600;21332,775
20220808;14;21700;21130,200
20220808;15;21250;20966,988
20220808;16;21200;20812,488
20220808;17;21150;20811,038
20220808;18;20973;20727,200
20220808;19;20650;20446,125
20220808;20;20750;20672,163
20220808;21;21050;21027,575
20220808;22;20900;20547,988
20220808;23;19400;18880,350
20220808;24;18000;17494,988
20220809;1;16550;16351,363
20220809;2;15750;15721,500
20220809;3;15400;15371,700
20220809;4;15350;15366,588
20220809;5;15350;15461,413
20220809;6;16150;15611,575
20220809;7;19000;17710,975
20220809;8;20550;19677,813
20220809;9;21450;20675,763
20220809;10;21604;21132,200
20220809;11;21900;21281,325
20220809;12;22200;21490,150
20220809;13;22300;21449,350
20220809;14;22400;21236,425
20220809;15;21750;21057,500
20220809;16;21750;21202,775
20220809;17;21600;20991,488
20220809;18;21400;20876,800
20220809;19;21097;20666,263
20220809;20;21050;20702,050
20220809;21;21450;21081,263
20220809;22;21300;20596,213
20220809;23;19701;19017,788
20220809;24;18300;17470,425
20220810;1;16500;16374,700
20220810;2;15700;15768,825
20220810;3;15350;15433,275
20220810;4;15300;15378,325
20220810;5;15300;15606,238
20220810;6;16100;15686,975
20220810;7;18950;17701,263
20220810;8;20500;19686,763
20220810;9;21400;20872,938
20220810;10;21554;21136,950
20220810;11;21850;21248,200
20220810;12;22150;21354,750
20220810;13;22250;21439,250
20220810;14;22300;21243,438
20220810;15;21700;20812,700
20220810;16;21700;20962,875
20220810;17;21550;20902,588
20220810;18;21350;20688,788
20220810;19;20950;20540,975
20220810;20;21000;20729,275
20220810;21;21350;21206,525
20220810;22;21150;20716,975
20220810;23;19550;19027,225
20220810;24;18250;17524,050
20220811;1;16500;16468,350
20220811;2;15700;15773,038
20220811;3;15350;15531,038
20220811;4;15300;15457,388
20220811;5;15300;15582,750
20220811;6;16350;15634,675
20220811;7;19050;17637,063
20220811;8;20600;19607,550
20220811;9;21400;20768,688
20220811;10;21700;21033,088
20220811;11;22100;20937,588
20220811;12;22100;21300,700
20220811;13;22100;21338,413
20220811;14;22200;21178,338
20220811;15;21700;21302,175
20220811;16;21700;21374,313
20220811;17;21550;20725,188
20220811;18;21250;20594,825
20220811;19;20900;20511,225
20220811;20;21000;20752,125
20220811;21;21550;21142,075
20220811;22;21550;20615,175
20220811;23;19700;19009,763
20220811;24;18350;17657,725
20220812;1;16750;16539,925
20220812;2;15950;15878,750
20220812;3;15600;15578,713
20220812;4;15550;15593,388
20220812;5;15650;15598,088
20220812;6;16400;15706,900
20220812;7;19150;17768,538
20220812;8;20700;19652,088
20220812;9;21700;20862,313
20220812;10;21800;21290,713
20220812;11;22200;21202,875
20220812;12;22300;21490,763
20220812;13;22300;21383,638
20220812;14;22300;21304,900
20220812;15;21900;20972,550
20220812;16;21900;21077,325
20220812;17;21800;21040,850
20220812;18;21500;20984,738
20220812;19;21250;20800,013
20220812;20;21150;20672,738
20220812;21;21600;20984,875
20220812;22;21450;20318,588
20220812;23;19600;18846,900
20220812;24;18200;17575,700
20220813;1;16850;16428,788
20220813;2;16150;15688,350
20220813;3;15550;15297,400
20220813;4;15350;15186,388
20220813;5;15300;15036,450
20220813;6;15000;14654,313
20220813;7;16250;15364,438
20220813;8;17550;16655,388
20220813;9;18650;18049,238
20220813;10;19450;19099,100
20220813;11;19700;19303,438
20220813;12;19800;19262,275
20220813;13;19800;19235,675
20220813;14;19700;19016,900
20220813;15;19350;18573,213
20220813;16;19050;18314,650
20220813;17;18900;18241,675
20220813;18;18800;18476,238
20220813;19;18600;18377,575
20220813;20;18400;18333,025
20220813;21;18700;18623,000
20220813;22;18650;18273,813
20220813;23;17500;17035,763
20220813;24;16300;15838,675
20220814;1;15200;14731,825
20220814;2;14550;14112,813
20220814;3;14050;13726,163
20220814;4;13850;13485,800
20220814;5;13600;13324,363
20220814;6;13250;12976,588
20220814;7;14150;13163,125
20220814;8;15150;14079,025
20220814;9;16000;15154,213
20220814;10;16800;16028,388
20220814;11;17200;16623,850
20220814;12;17600;16790,850
20220814;13;17650;16526,025
20220814;14;17650;16536,763
20220814;15;17550;15953,575
20220814;16;17300;15924,350
20220814;17;17250;15989,000
20220814;18;17250;16162,838
20220814;19;17350;16358,650
20220814;20;17700;16495,525
20220814;21;18000;17070,250
20220814;22;17900;16964,738
20220814;23;17050;16194,188
20220814;24;15950;15162,163
20220815;1;13985;14179,788
20220815;2;13469;13549,350
20220815;3;13264;13325,438
20220815;4;13037;13140,863
20220815;5;12852;13130,425
20220815;6;12432;12748,975
20220815;7;12968;13104,863
20220815;8;14005;13956,113
20220815;9;15106;15158,425
20220815;10;16254;15990,788
20220815;11;16826;16179,588
20220815;12;16836;16128,488
20220815;13;16454;16012,563
20220815;14;16369;16035,575
20220815;15;16013;16040,038
20220815;16;16021;16003,763
20220815;17;16067;16320,025
20220815;18;16676;16780,625
20220815;19;17480;16934,738
20220815;20;17769;17045,638
20220815;21;18048;17704,425
20220815;22;17701;17475,213
20220815;23;16837;16523,950
20220815;24;15741;15360,625
20220816;1;15100;14498,088
20220816;2;14500;14154,200
20220816;3;14100;13952,588
20220816;4;14100;13891,513
20220816;5;14450;14227,825
20220816;6;16050;14655,000
20220816;7;18700;17158,488
20220816;8;20550;19597,550
20220816;9;21650;21299,713
20220816;10;21850;22079,225
20220816;11;22200;22233,075
20220816;12;22350;22632,688
20220816;13;22600;22711,250
20220816;14;22600;22710,675
20220816;15;22100;22304,925
20220816;16;22100;22358,813
20220816;17;21950;21879,113
20220816;18;21800;22065,750
20220816;19;21500;21966,875
20220816;20;21550;21931,575
20220816;21;21800;22442,013
20220816;22;21750;21621,613
20220816;23;20150;19867,813
20220816;24;18700;18424,788
20220817;1;17300;17255,225
20220817;2;16500;16716,400
20220817;3;16100;16313,250
20220817;4;16100;16319,863
20220817;5;16050;16471,275
20220817;6;16800;16726,625
20220817;7;19500;18731,813
20220817;8;21100;20818,350
20220817;9;22100;22123,225
20220817;10;22300;22678,738
20220817;11;22650;22677,875
20220817;12;22850;23140,813
20220817;13;23000;23375,100
20220817;14;23000;23255,250
20220817;15;22600;22888,688
20220817;16;22600;22839,388
20220817;17;22500;22806,250
20220817;18;22300;22793,475
20220817;19;21950;22395,350
20220817;20;21950;22424,238
20220817;21;22200;22837,350
20220817;22;22200;21991,700
20220817;23;20500;20239,563
20220817;24;18850;18789,588
20220818;1;17150;17488,075
20220818;2;16350;16830,263
20220818;3;15950;16414,438
20220818;4;15950;16376,413
20220818;5;16050;16512,000
20220818;6;16800;16608,063
20220818;7;19400;18669,788
20220818;8;21100;20798,163
20220818;9;22250;22120,638
20220818;10;22650;22663,863
20220818;11;23000;22649,863
20220818;12;23250;23082,675
20220818;13;23400;23131,975
20220818;14;23450;23185,813
20220818;15;22800;22928,500
20220818;16;22650;23047,900
20220818;17;22500;22911,600
20220818;18;22250;22799,788
20220818;19;21900;22540,113
20220818;20;21950;22581,438
20220818;21;22400;22898,788
20220818;22;21850;21948,113
20220818;23;20150;20294,725
20220818;24;18750;18732,463
20220819;1;17350;17479,013
20220819;2;16650;16843,425
20220819;3;16250;16468,463
20220819;4;16300;16406,138
20220819;5;16550;16435,738
20220819;6;16950;16672,250
20220819;7;19850;18688,888
20220819;8;21700;20788,400
20220819;9;22750;22267,775
20220819;10;23100;22938,338
20220819;11;23350;22867,050
20220819;12;23700;22963,588
20220819;13;23800;23113,175
20220819;14;23750;23115,925
20220819;15;23150;22838,300
20220819;16;22900;22968,488
20220819;17;22600;23085,875
20220819;18;22350;22834,613
20220819;19;21850;22351,313
20220819;20;21950;22344,200
20220819;21;22700;22646,188
20220819;22;22150;21611,088
20220819;23;20200;19994,813
20220819;24;18750;18648,063
20220820;1;17350;17468,313
20220820;2;16450;16782,650
20220820;3;15950;16434,150
20220820;4;15700;16312,675
20220820;5;15550;16175,913
20220820;6;15350;15806,225
20220820;7;16600;16534,513
20220820;8;18050;17747,213
20220820;9;19250;18977,400
20220820;10;19850;19702,263
20220820;11;20100;20105,700
20220820;12;20200;20220,488
20220820;13;20100;20178,475
20220820;14;19900;20004,475
20220820;15;19500;19723,513
20220820;16;19150;19830,225
20220820;17;19050;19549,300
20220820;18;19050;19209,588
20220820;19;18900;19087,838
20220820;20;18900;19116,350
20220820;21;19400;19484,438
20220820;22;19000;18721,038
20220820;23;17700;17531,888
20220820;24;16500;16246,225
20220821;1;15350;15201,738
20220821;2;14700;14671,088
20220821;3;14200;14203,100
20220821;4;14000;14016,488
20220821;5;13750;13982,463
20220821;6;13400;13664,975
20220821;7;14100;13883,375
20220821;8;15050;14552,775
20220821;9;15950;15322,163
20220821;10;16700;16253,500
20220821;11;17100;16811,150
20220821;12;17200;17155,038
20220821;13;17200;17351,563
20220821;14;17200;17106,938
20220821;15;17100;16946,288
20220821;16;16850;16701,825
20220821;17;16850;16617,613
20220821;18;17000;16586,238
20220821;19;17300;16930,713
20220821;20;17700;17294,750
20220821;21;18150;17805,850
20220821;22;17850;17425,500
20220821;23;17250;16633,638
20220821;24;16150;15649,038
20220822;1;14800;14812,238
20220822;2;14200;14391,538
20220822;3;13800;14128,525
20220822;4;13850;14317,763
20220822;5;14250;14529,700
20220822;6;15750;15055,863
20220822;7;18400;17619,050
20220822;8;20184;19800,575
20220822;9;21426;21183,438
20220822;10;21726;21826,950
20220822;11;22275;21920,288
20220822;12;22475;22346,788
20220822;13;22676;22707,263
20220822;14;22676;22588,200
20220822;15;22226;22020,688
20220822;16;22225;21880,875
20220822;17;21825;21558,500
20220822;18;21676;21360,400
20220822;19;21427;21238,288
20220822;20;21627;21538,900
20220822;21;22178;22050,250
20220822;22;21528;20840,063
20220822;23;19778;19106,588
20220822;24;18327;17846,913
20220823;1;17050;16880,113
20220823;2;16350;16347,363
20220823;3;15950;16085,225
20220823;4;15900;16001,838
20220823;5;16150;16267,088
20220823;6;16750;16621,775
20220823;7;19450;18713,113
20220823;8;21200;20688,763
20220823;9;22350;21848,788
20220823;10;22500;22356,125
20220823;11;22900;22489,288
20220823;12;23100;22820,200
20220823;13;23200;23069,888
20220823;14;23300;22863,775
20220823;15;22800;22648,075
20220823;16;22750;22586,675
20220823;17;22450;22469,013
20220823;18;22300;22114,213
20220823;19;22000;21883,150
20220823;20;22400;22087,913
20220823;21;22650;22590,825
20220823;22;21850;21310,888
20220823;23;20100;19640,813
20220823;24;18800;18323,913
20220824;1;17650;17350,325
20220824;2;17050;16813,088
20220824;3;16550;16379,238
20220824;4;16500;16418,850
20220824;5;16750;16640,338
20220824;6;17350;16912,500
20220824;7;20050;18927,363
20220824;8;22050;20998,600
20220824;9;23050;22202,438
20220824;10;23300;22751,788
20220824;11;23600;22634,213
20220824;12;23800;22778,463
20220824;13;23950;23134,388
20220824;14;24000;22957,650
20220824;15;23550;22668,675
20220824;16;23500;22961,675
20220824;17;23300;22763,488
20220824;18;23150;22386,413
20220824;19;22750;22018,613
20220824;20;22850;22274,688
20220824;21;23150;22873,938
20220824;22;22500;21559,763
20220824;23;20750;19799,913
20220824;24;19450;18391,450
20220825;1;17750;17440,950
20220825;2;17150;16795,150
20220825;3;16650;16484,788
20220825;4;16600;16374,513
20220825;5;16850;16587,725
20220825;6;17450;16902,788
20220825;7;20150;18954,663
20220825;8;22150;20817,025
20220825;9;23150;21945,475
20220825;10;23400;22263,663
20220825;11;23700;22252,038
20220825;12;23900;22583,325
20220825;13;24050;22919,325
20220825;14;24100;22963,600
20220825;15;23650;22689,125
20220825;16;23600;22906,625
20220825;17;23400;22889,650
20220825;18;23250;22654,100
20220825;19;22850;22221,700
20220825;20;22950;22467,388
20220825;21;23250;23057,763
20220825;22;22600;21799,275
20220825;23;20850;20036,613
20220825;24;19550;18533,675
20220826;1;17550;17424,100
20220826;2;16950;16788,463
20220826;3;16450;16416,325
20220826;4;16400;16416,188
20220826;5;16650;16544,238
20220826;6;17350;16863,500
20220826;7;20050;18688,213
20220826;8;21900;20647,575
20220826;9;22950;21870,713
20220826;10;23200;22536,850
20220826;11;23550;22481,150
20220826;12;23750;22871,688
20220826;13;23900;23082,163
20220826;14;24000;22922,725
20220826;15;23500;22606,450
20220826;16;23450;22607,613
20220826;17;23300;22611,513
20220826;18;23100;22366,450
20220826;19;22600;21964,913
20220826;20;22800;22142,288
20220826;21;23100;22501,175
20220826;22;22450;20959,925
20220826;23;20600;19219,350
20220826;24;19300;17865,188
20220827;1;17850;16841,325
20220827;2;17050;16155,813
20220827;3;16450;15758,738
20220827;4;16350;15523,375
20220827;5;16300;15501,000
20220827;6;16100;15361,038
20220827;7;17350;15859,888
20220827;8;18650;17177,413
20220827;9;19900;18495,513
20220827;10;20400;19312,975
20220827;11;20550;19443,050
20220827;12;20550;19629,075
20220827;13;20550;19403,338
20220827;14;20450;19038,600
20220827;15;19650;18885,013
20220827;16;19550;18905,413
20220827;17;19250;18853,425
20220827;18;19250;18972,325
20220827;19;19250;18925,175
20220827;20;19900;18953,450
20220827;21;20050;19443,888
20220827;22;19450;18489,700
20220827;23;18200;17300,700
20220827;24;17050;16140,175
20220828;1;15350;15077,638
20220828;2;14650;14541,963
20220828;3;14150;14120,475
20220828;4;14000;13918,788
20220828;5;13900;13967,750
20220828;6;13800;13717,325
20220828;7;14350;13873,825
20220828;8;15200;14741,363
20220828;9;16150;15782,213
20220828;10;16950;16674,038
20220828;11;17250;17250,788
20220828;12;17450;17674,375
20220828;13;17450;17742,238
20220828;14;17450;17612,113
20220828;15;17350;17502,175
20220828;16;17050;17383,500
20220828;17;16950;17451,775
20220828;18;17100;17626,125
20220828;19;17600;17855,200
20220828;20;18600;18034,238
20220828;21;18650;18361,963
20220828;22;18000;17521,638
20220828;23;17100;16751,100
20220828;24;16000;15740,288
20220829;1;14900;15048,088
20220829;2;14350;14631,375
20220829;3;14000;14266,063
20220829;4;14050;14237,725
20220829;5;14550;14580,525
20220829;6;15900;15274,663
20220829;7;18900;17692,425
20220829;8;20850;19920,075
20220829;9;21950;21243,613
20220829;10;22150;21715,763
20220829;11;22500;21562,850
20220829;12;22650;21618,163
20220829;13;22800;21829,650
20220829;14;22900;21647,500
20220829;15;22400;21292,700
20220829;16;22300;21379,550
20220829;17;21900;21318,750
20220829;18;21550;21171,013
20220829;19;21500;20989,025
20220829;20;22200;21543,463
20220829;21;22550;22149,388
20220829;22;21850;20651,563
20220829;23;19850;19091,025
20220829;24;18450;17799,450
20220830;1;16800;16798,600
20220830;2;16250;16263,800
20220830;3;15900;15914,575
20220830;4;15900;16003,825
20220830;5;16200;16174,350
20220830;6;16950;16588,913
20220830;7;19600;18395,963
20220830;8;21300;20275,563
20220830;9;22250;21323,175
20220830;10;22450;21598,025
20220830;11;22850;21690,063
20220830;12;23050;21999,575
20220830;13;23150;22058,188
20220830;14;23150;22159,938
20220830;15;22650;21900,438
20220830;16;22600;21743,938
20220830;17;22450;21129,475
20220830;18;22100;21161,150
20220830;19;21850;21020,288
20220830;20;22450;21532,088
20220830;21;22700;22245,400
20220830;22;21800;20686,463
20220830;23;19850;19017,400
20220830;24;18450;17712,550
20220831;1;16800;16654,688
20220831;2;16250;16090,350
20220831;3;15900;15756,075
20220831;4;15900;15759,550
20220831;5;16200;15949,250
20220831;6;16850;16320,500
20220831;7;19500;18190,850
20220831;8;21200;20295,750
20220831;9;22150;21324,675
20220831;10;22350;21688,525
20220831;11;22750;21617,463
20220831;12;22950;21944,213
20220831;13;23050;22029,125
20220831;14;23050;21703,500
20220831;15;22550;21344,688
20220831;16;22500;21454,888
20220831;17;22350;21202,313
20220831;18;22000;21142,113
20220831;19;21750;20979,875
20220831;20;22850;21619,475
20220831;21;23100;22210,638
20220831;22;22200;20796,300
20220831;23;20250;18888,475
20220831;24;18850;17545,075
20220901;1;16800;16483,763
20220901;2;16250;15931,838
20220901;3;15850;15591,313
20220901;4;15750;15599,938
20220901;5;16050;15834,638
20220901;6;16900;16272,438
20220901;7;19700;18242,638
20220901;8;21300;20252,550
20220901;9;21700;20960,138
20220901;10;21850;20763,025
20220901;11;22000;20523,563
20220901;12;22100;20974,438
20220901;13;22250;21075,950
20220901;14;22300;20964,725
20220901;15;21850;20824,713
20220901;16;21700;20759,000
20220901;17;21450;20691,263
20220901;18;21200;20766,613
20220901;19;21250;20773,300
20220901;20;22650;21454,163
20220901;21;22650;21967,213
20220901;22;21350;20519,488
20220901;23;19300;18715,263
20220901;24;18000;17396,750
20220902;1;16750;16361,825
20220902;2;16050;15771,075
20220902;3;15700;15475,463
20220902;4;15700;15498,313
20220902;5;16200;15814,438
20220902;6;16950;16357,838
20220902;7;19800;18352,488
20220902;8;21350;20235,350
20220902;9;22000;21099,763
20220902;10;22150;21165,513
20220902;11;22350;20934,425
20220902;12;22550;21060,463
20220902;13;22700;21154,275
20220902;14;22700;21000,613
20220902;15;22050;20999,338
20220902;16;22000;20936,850
20220902;17;21750;20837,550
20220902;18;21450;20837,025
20220902;19;21450;20650,188
20220902;20;22450;20985,363
20220902;21;22550;21380,150
20220902;22;21450;19981,838
20220902;23;19400;18357,663
20220902;24;17900;17091,563
20220903;1;16750;16077,475
20220903;2;15950;15372,000
20220903;3;15350;14990,513
20220903;4;15250;14935,538
20220903;5;15250;14942,863
20220903;6;15200;14896,125
20220903;7;16250;15117,375
20220903;8;17550;16393,688
20220903;9;18700;17899,813
20220903;10;19200;18573,913
20220903;11;19450;18656,100
20220903;12;19450;18751,250
20220903;13;19450;18609,250
20220903;14;19350;18361,450
20220903;15;18550;17918,013
20220903;16;18350;17621,600
20220903;17;18250;17701,838
20220903;18;18250;17782,025
20220903;19;18350;17630,475
20220903;20;19392;18068,563
20220903;21;19335;18485,888
20220903;22;18535;17466,738
20220903;23;17184;16324,863
20220903;24;16033;15129,475
20220904;1;14850;14265,988
20220904;2;14050;13705,913
20220904;3;13650;13213,700
20220904;4;13550;13024,000
20220904;5;13500;13091,563
20220904;6;13400;12997,950
20220904;7;13550;12987,075
20220904;8;14600;13709,338
20220904;9;15550;14781,463
20220904;10;16100;15551,438
20220904;11;16350;15769,463
20220904;12;16400;15796,538
20220904;13;16450;16149,113
20220904;14;16350;16122,488
20220904;15;16150;15735,950
20220904;16;15950;15556,625
20220904;17;15850;15754,663
20220904;18;16050;15927,788
20220904;19;16650;16315,275
20220904;20;17950;17258,625
20220904;21;18050;17813,338
20220904;22;17350;16926,588
20220904;23;16400;15861,938
20220904;24;15450;14919,588
20220905;1;14350;14155,038
20220905;2;13950;13822,500
20220905;3;13700;13541,863
20220905;4;13800;13620,638
20220905;5;14450;13926,263
20220905;6;16000;14763,225
20220905;7;19200;17393,063
20220905;8;20800;19563,038
20220905;9;21700;20718,888
20220905;10;21700;20647,125
20220905;11;21800;20279,675
20220905;12;21850;20312,100
20220905;13;22000;20213,713
20220905;14;22000;20180,813
20220905;15;21600;20034,113
20220905;16;21550;20236,150
20220905;17;21350;20317,138
20220905;18;21200;20343,413
20220905;19;21200;20450,125
20220905;20;22350;21394,288
20220905;21;22350;21667,000
20220905;22;21250;20031,600
20220905;23;19300;18238,463
20220905;24;17950;16810,000
20220906;1;16600;15931,850
20220906;2;15950;15492,950
20220906;3;15600;15206,425
20220906;4;15600;15254,400
20220906;5;15900;15517,375
20220906;6;16850;16096,400
20220906;7;19750;18241,975
20220906;8;21050;20091,238
20220906;9;21800;21039,163
20220906;10;21800;21216,963
20220906;11;21800;20650,150
20220906;12;21950;20738,763
20220906;13;22000;20572,238
20220906;14;22000;20578,563
20220906;15;21550;20585,288
20220906;16;21450;20993,013
20220906;17;21300;21004,113
20220906;18;21150;20883,525
20220906;19;21250;20809,613
20220906;20;22500;21658,188
20220906;21;22550;21901,513
20220906;22;21150;20212,838
20220906;23;19250;18395,963
20220906;24;17950;17060,888
20220907;1;16450;15991,038
20220907;2;15750;15529,113
20220907;3;15400;15226,288
20220907;4;15450;15186,163
20220907;5;15850;15407,000
20220907;6;16850;15943,450
20220907;7;19650;18070,275
20220907;8;21050;20037,688
20220907;9;21700;20999,625
20220907;10;21700;20884,163
20220907;11;21750;20386,050
20220907;12;21850;20446,200
20220907;13;21950;20535,688
20220907;14;21950;20470,925
20220907;15;21700;20293,225
20220907;16;21600;20669,850
20220907;17;21400;20915,713
20220907;18;21250;20845,575
20220907;19;21250;20779,175
20220907;20;22400;21743,913
20220907;21;22450;21947,650
20220907;22;21450;20296,738
20220907;23;19350;18525,950
20220907;24;18000;17105,325
20220908;1;16550;16182,713
20220908;2;15850;15670,763
20220908;3;15500;15390,700
20220908;4;15550;15379,700
20220908;5;16050;15579,088
20220908;6;17050;16233,463
20220908;7;19950;18330,063
20220908;8;21350;20202,863
20220908;9;22000;21056,725
20220908;10;22000;21128,238
20220908;11;21950;20558,550
20220908;12;22050;20733,475
20220908;13;22150;20968,250
20220908;14;22150;20869,763
20220908;15;21900;20806,513
20220908;16;21900;21269,375
20220908;17;21750;21265,688
20220908;18;21700;21027,450
20220908;19;21600;21141,163
20220908;20;22450;21933,113
20220908;21;22450;22128,275
20220908;22;21400;20481,800
20220908;23;19200;18851,000
20220908;24;17850;17626,700
20220909;1;16750;16628,313
20220909;2;16050;16010,913
20220909;3;15700;15747,425
20220909;4;15750;15741,100
20220909;5;16250;16099,538
20220909;6;17250;16632,038
20220909;7;20000;18714,275
20220909;8;21300;20593,725
20220909;9;21850;21574,600
20220909;10;21850;21791,525
20220909;11;21800;21571,575
20220909;12;21800;21896,738
20220909;13;21900;21948,063
20220909;14;21900;21787,000
20220909;15;21400;21384,800
20220909;16;21400;21396,275
20220909;17;21250;21203,513
20220909;18;21200;21101,525
20220909;19;21100;20801,138
20220909;20;22200;21477,475
20220909;21;22200;21436,150
20220909;22;21150;20038,788
20220909;23;18950;18551,850
20220909;24;17600;17248,675
20220910;1;16550;16282,300
20220910;2;15950;15731,038
20220910;3;15350;15382,363
20220910;4;15250;15317,113
20220910;5;15250;15303,175
20220910;6;15350;15235,388
20220910;7;16650;15678,700
20220910;8;18050;16833,038
20220910;9;19200;18091,800
20220910;10;19700;19097,100
20220910;11;19750;19567,875
20220910;12;19850;19686,275
20220910;13;20000;19797,375
20220910;14;20000;19212,100
20220910;15;19500;18665,300
20220910;16;19250;18661,675
20220910;17;19050;18189,663
20220910;18;19000;18403,600
20220910;19;19000;18405,975
20220910;20;19450;19073,175
20220910;21;19335;18921,475
20220910;22;18435;17852,075
20220910;23;17084;16609,388
20220910;24;15933;15514,925
20220911;1;14700;14400,988
20220911;2;14100;13761,263
20220911;3;13600;13401,675
20220911;4;13400;13275,900
20220911;5;13400;13157,188
20220911;6;13550;13173,825
20220911;7;13950;13191,400
20220911;8;15000;13796,188
20220911;9;16000;14890,950
20220911;10;16700;15980,075
20220911;11;17050;16450,538
20220911;12;17250;16761,300
20220911;13;17300;16708,600
20220911;14;17300;16496,163
20220911;15;17250;16185,438
20220911;16;17050;15851,850
20220911;17;16850;15772,988
20220911;18;17150;16003,400
20220911;19;17750;16573,763
20220911;20;18800;17663,400
20220911;21;18650;17906,563
20220911;22;17600;16809,025
20220911;23;16650;15905,400
20220911;24;15700;14922,925
20220912;1;14550;14063,713
20220912;2;14150;13674,338
20220912;3;13900;13585,988
20220912;4;14000;13518,888
20220912;5;14650;13806,800
20220912;6;16200;14780,275
20220912;7;19300;17507,338
20220912;8;20850;19716,738
20220912;9;21700;20929,813
20220912;10;21700;21111,338
20220912;11;21800;20789,100
20220912;12;21850;20863,700
20220912;13;22050;21080,050
20220912;14;22050;21164,175
20220912;15;21600;20685,863
20220912;16;21550;21098,388
20220912;17;21350;20994,288
20220912;18;21200;20835,600
20220912;19;21550;20867,450
20220912;20;22600;21977,825
20220912;21;22550;22014,038
20220912;22;21150;20325,100
20220912;23;19100;18741,700
20220912;24;17800;17364,775
20220913;1;16750;16282,600
20220913;2;16050;15660,538
20220913;3;15700;15380,875
20220913;4;15750;15389,188
20220913;5;16150;15658,825
20220913;6;17150;16343,550
20220913;7;19900;18381,350
20220913;8;21200;20206,463
20220913;9;21800;21161,950
20220913;10;21800;21184,800
20220913;11;21800;20835,388
20220913;12;21800;21180,238
20220913;13;22000;21270,988
20220913;14;22000;21322,325
20220913;15;21650;21140,638
20220913;16;21650;21089,938
20220913;17;21650;20989,838
20220913;18;21550;20968,325
20220913;19;21650;20956,100
20220913;20;22600;22097,325
20220913;21;22600;22052,988
20220913;22;21250;20348,775
20220913;23;19200;18641,363
20220913;24;17700;17146,613
20220914;1;16500;16121,463
20220914;2;15750;15672,363
20220914;3;15450;15350,800
20220914;4;15500;15350,325
20220914;5;16050;15701,175
20220914;6;17150;16430,113
20220914;7;19850;18515,375
20220914;8;21150;20266,038
20220914;9;21700;21115,400
20220914;10;21700;21360,650
20220914;11;21550;20951,975
20220914;12;21650;21158,650
20220914;13;22000;21140,875
20220914;14;22000;21073,475
20220914;15;21650;20894,600
20220914;16;21650;21210,700
20220914;17;21650;21278,750
20220914;18;21450;21136,388
20220914;19;21500;21106,088
20220914;20;22600;22187,700
20220914;21;22550;22083,875
20220914;22;21300;20531,413
20220914;23;19250;18929,050
20220914;24;17850;17541,638
20220915;1;16750;16457,975
20220915;2;16000;15979,425
20220915;3;15700;15778,538
20220915;4;15750;15825,250
20220915;5;16300;15968,900
20220915;6;17450;16818,225
20220915;7;20150;18828,713
20220915;8;21450;20721,625
20220915;9;22150;21634,175
20220915;10;22150;21671,138
20220915;11;22100;21213,400
20220915;12;22200;21400,338
20220915;13;22350;21616,025
20220915;14;22350;21552,775
20220915;15;22100;21224,025
20220915;16;22100;21170,425
20220915;17;22000;21073,388
20220915;18;21800;20806,888
20220915;19;21850;20942,550
20220915;20;22600;22042,325
20220915;21;22550;21962,750
20220915;22;21300;20339,775
20220915;23;19250;18599,175
20220915;24;17850;17248,600
20220916;1;16650;16292,213
20220916;2;15950;15692,138
20220916;3;15600;15490,250
20220916;4;15650;15424,325
20220916;5;16050;15655,675
20220916;6;17050;16359,388
20220916;7;19800;18321,238
20220916;8;21200;20161,450
20220916;9;21900;21145,900
20220916;10;21900;21221,075
20220916;11;21850;21046,525
20220916;12;21850;21244,675
20220916;13;21950;21172,875
20220916;14;21950;20964,838
20220916;15;21700;20573,888
20220916;16;21700;20683,850
20220916;17;21700;20665,688
20220916;18;21500;20495,188
20220916;19;21600;20672,800
20220916;20;22550;21678,288
20220916;21;22450;21408,388
20220916;22;21150;19896,850
20220916;23;19100;18276,863
20220916;24;17600;17048,488
20220917;1;16650;16030,063
20220917;2;16050;15277,450
20220917;3;15550;15010,600
20220917;4;15450;14792,300
20220917;5;15400;14925,513
20220917;6;15350;15158,313
20220917;7;16250;15527,763
20220917;8;17650;16807,413
20220917;9;18800;17998,850
20220917;10;19400;18797,038
20220917;11;19650;19103,938
20220917;12;19650;19322,238
20220917;13;19650;19273,938
20220917;14;19600;19083,075
20220917;15;18750;18343,075
20220917;16;18500;18312,588
20220917;17;18300;17954,200
20220917;18;18250;17977,413
20220917;19;18350;18306,975
20220917;20;19650;19269,438
20220917;21;19335;18983,713
20220917;22;18435;17664,825
20220917;23;17084;16474,425
20220917;24;15933;15265,400
20220918;1;14750;14208,688
20220918;2;14150;13548,600
20220918;3;13650;13357,138
20220918;4;13450;13293,413
20220918;5;13400;13331,900
20220918;6;13400;13335,738
20220918;7;13800;13304,975
20220918;8;14900;13980,938
20220918;9;16000;15130,150
20220918;10;16800;16138,850
20220918;11;17200;16688,288
20220918;12;17400;16933,475
20220918;13;17400;16943,513
20220918;14;17400;16631,650
20220918;15;17150;16512,713
20220918;16;16800;16164,988
20220918;17;16600;16092,850
20220918;18;16900;16514,625
20220918;19;17500;17098,025
20220918;20;18650;18320,575
20220918;21;18550;18153,125
20220918;22;17650;17112,038
20220918;23;16700;16116,338
20220918;24;15750;15045,825
20220919;1;14750;14238,988
20220919;2;14299;13920,638
20220919;3;14050;13684,163
20220919;4;14150;13689,588
20220919;5;14809;14163,688
20220919;6;16518;15259,488
20220919;7;19617;18019,988
20220919;8;21167;20289,938
20220919;9;22050;21568,888
20220919;10;22050;21998,025
20220919;11;22251;22024,938
20220919;12;22300;22005,575
20220919;13;22600;21898,688
20220919;14;22599;21650,250
20220919;15;22050;21182,225
20220919;16;21950;21541,675
20220919;17;21850;21421,913
20220919;18;21650;21205,950
20220919;19;22050;21541,150
20220919;20;22950;22637,700
20220919;21;22700;22253,900
20220919;22;21299;20683,525
20220919;23;19250;19099,188
20220919;24;17950;17702,238
20220920;1;16750;16549,825
20220920;2;16050;15889,088
20220920;3;15900;15610,563
20220920;4;15950;15529,888
20220920;5;16400;15893,150
20220920;6;17550;16638,963
20220920;7;20300;18998,888
20220920;8;21600;21032,038
20220920;9;22300;22081,025
20220920;10;22300;22357,263
20220920;11;22200;22081,425
20220920;12;22350;22020,363
20220920;13;22500;21505,050
20220920;14;22500;21398,700
20220920;15;22100;20745,738
20220920;16;22100;21123,600
20220920;17;22000;21269,900
20220920;18;21800;21266,788
20220920;19;22150;21547,275
20220920;20;22800;22752,075
20220920;21;22650;22436,363
20220920;22;21400;20791,950
20220920;23;19350;19092,713
20220920;24;17950;17605,613
20220921;1;16650;16487,075
20220921;2;15950;16023,013
20220921;3;15700;15672,525
20220921;4;15750;15771,325
20220921;5;16200;16034,763
20220921;6;17350;16773,738
20220921;7;20100;19078,813
20220921;8;21400;21157,738
20220921;9;22100;22103,638
20220921;10;22100;22354,038
20220921;11;22000;22155,813
20220921;12;22150;22061,000
20220921;13;22300;22014,025
20220921;14;22300;21595,150
20220921;15;21850;21126,988
20220921;16;21850;21401,950
20220921;17;21750;21297,025
20220921;18;21550;21202,300
20220921;19;22050;21569,825
20220921;20;22800;22765,188
20220921;21;22650;22473,788
20220921;22;21400;20845,775
20220921;23;19550;19127,950
20220921;24;18150;17741,713
20220922;1;16750;16732,675
20220922;2;16050;16198,788
20220922;3;15700;15805,188
20220922;4;15750;15840,288
20220922;5;16250;16188,675
20220922;6;17350;17000,500
20220922;7;20150;19239,450
20220922;8;21450;21183,350
20220922;9;22150;22158,525
20220922;10;22150;22314,288
20220922;11;21900;21724,888
20220922;12;22000;21986,138
20220922;13;22050;21881,263
20220922;14;22050;21937,038
20220922;15;21600;21557,900
20220922;16;21600;21658,638
20220922;17;21550;21416,463
20220922;18;21450;21254,688
20220922;19;21950;21510,363
20220922;20;22900;22565,313
20220922;21;22800;22402,325
20220922;22;21550;20950,738
20220922;23;19600;19283,263
20220922;24;18200;17880,325
20220923;1;16850;16761,650
20220923;2;16150;16237,725
20220923;3;15800;15903,000
20220923;4;15850;15968,875
20220923;5;16400;16295,438
20220923;6;17600;17096,513
20220923;7;20450;19391,988
20220923;8;21850;21202,063
20220923;9;22300;22077,563
20220923;10;22300;22097,950
20220923;11;22000;21484,013
20220923;12;22000;21297,263
20220923;13;22050;21068,713
20220923;14;22050;21477,950
20220923;15;21500;21193,713
20220923;16;21450;21395,538
20220923;17;21400;21340,075
20220923;18;21250;21227,375
20220923;19;22000;21307,750
20220923;20;23000;21853,625
20220923;21;22750;21362,713
20220923;22;21300;20364,188
20220923;23;19400;18851,338
20220923;24;18050;17618,200
20220924;1;16800;16529,875
20220924;2;16200;15901,125
20220924;3;15700;15506,288
20220924;4;15600;15389,463
20220924;5;15750;15469,988
20220924;6;16000;15646,300
20220924;7;17150;16163,813
20220924;8;18450;17303,950
20220924;9;19550;18473,863
20220924;10;20200;19021,913
20220924;11;20500;19129,300
20220924;12;20500;18859,288
20220924;13;20350;18725,625
20220924;14;20150;18188,875
20220924;15;19650;17813,925
20220924;16;19200;17908,650
20220924;17;18800;18112,350
20220924;18;18700;18213,663
20220924;19;19700;18761,438
20220924;20;20100;19630,863
20220924;21;19850;19132,488
20220924;22;18750;17995,163
20220924;23;17400;16920,288
20220924;24;16250;15727,063
20220925;1;14800;14774,900
20220925;2;14000;14014,538
20220925;3;13650;13705,025
20220925;4;13550;13570,638
20220925;5;13550;13697,400
20220925;6;13550;13880,825
20220925;7;13950;13814,938
20220925;8;15000;14452,325
20220925;9;16200;15441,275
20220925;10;16950;16163,025
20220925;11;17300;16497,650
20220925;12;17400;16321,025
20220925;13;17400;16395,713
20220925;14;17400;16536,663
20220925;15;17100;16510,338
20220925;16;16850;16295,713
20220925;17;16700;16326,775
20220925;18;17200;16608,575
20220925;19;18500;17479,888
20220925;20;18900;18602,800
20220925;21;18700;18221,600
20220925;22;17800;17340,075
20220925;23;16700;16321,788
20220925;24;15700;15309,963
20220926;1;14750;14448,400
20220926;2;14300;14024,088
20220926;3;14050;13836,175
20220926;4;14050;13833,925
20220926;5;14800;14244,963
20220926;6;16600;15417,563
20220926;7;19600;18350,325
20220926;8;21450;20416,088
20220926;9;22300;21620,688
20220926;10;22350;21950,500
20220926;11;22400;21587,675
20220926;12;22400;21673,688
20220926;13;22350;21626,288
20220926;14;22300;21567,575
20220926;15;21700;21094,225
20220926;16;21700;21282,475
20220926;17;21700;21223,713
20220926;18;21600;21444,275
20220926;19;22550;21579,975
20220926;20;22950;22604,588
20220926;21;22900;22130,338
20220926;22;21550;20546,100
20220926;23;19600;18865,350
20220926;24;18200;17496,275
20220927;1;17000;16390,038
20220927;2;16300;15871,800
20220927;3;15950;15501,313
20220927;4;16000;15615,750
20220927;5;16500;15965,950
20220927;6;18000;16766,075
20220927;7;20850;18985,750
20220927;8;22150;20808,325
20220927;9;22800;21735,988
20220927;10;22800;21960,425
20220927;11;22650;21828,138
20220927;12;22600;21693,300
20220927;13;22650;21766,388
20220927;14;22650;21559,650
20220927;15;22100;21149,750
20220927;16;22050;21430,363
20220927;17;21900;21438,850
20220927;18;21800;21494,425
20220927;19;23000;22093,463
20220927;20;23300;22948,638
20220927;21;23050;22472,975
20220927;22;21650;20799,900
20220927;23;19750;18983,500
20220927;24;18400;17723,225
20220928;1;17000;16679,500
20220928;2;16300;16080,525
20220928;3;15950;15742,625
20220928;4;16000;15755,675
20220928;5;16450;16101,938
20220928;6;17900;16946,625
20220928;7;20650;19244,488
20220928;8;21900;21021,300
20220928;9;22650;21955,975
20220928;10;22650;21941,563
20220928;11;22500;21451,738
20220928;12;22500;21769,975
20220928;13;22550;22042,338
20220928;14;22550;21890,200
20220928;15;22050;21558,213
20220928;16;22000;21641,850
20220928;17;21850;21595,900
20220928;18;21700;21664,825
20220928;19;22800;22159,413
20220928;20;23100;23060,575
20220928;21;23000;22598,825
20220928;22;21650;20870,863
20220928;23;19750;19140,550
20220928;24;18400;17771,725
20220929;1;16800;16736,600
20220929;2;16100;16169,625
20220929;3;15750;15914,025
20220929;4;15800;16015,025
20220929;5;16250;16248,150
20220929;6;17550;17074,225
20220929;7;20250;19411,463
20220929;8;21450;21243,325
20220929;9;22200;22186,338
20220929;10;22200;22518,213
20220929;11;22050;22240,013
20220929;12;22150;22336,775
20220929;13;22200;22176,238
20220929;14;22200;22180,725
20220929;15;21650;21595,900
20220929;16;21650;21618,138
20220929;17;21650;21600,238
20220929;18;21550;21657,850
20220929;19;22550;22051,113
20220929;20;22850;23028,225
20220929;21;22700;22497,450
20220929;22;21400;20930,188
20220929;23;19500;19394,863
20220929;24;18150;17984,425
20220930;1;16800;16839,363
20220930;2;16100;16291,050
20220930;3;15750;15997,025
20220930;4;15800;15974,963
20220930;5;16350;16357,800
20220930;6;17950;17132,850
20220930;7;20650;19562,688
20220930;8;21850;21430,938
20220930;9;22450;22283,988
20220930;10;22450;22427,400
20220930;11;22350;22146,688
20220930;12;22450;22284,525
20220930;13;22500;22298,475
20220930;14;22500;22265,738
20220930;15;21950;21774,475
20220930;16;21950;21828,050
20220930;17;21950;21708,313
20220930;18;21950;21635,250
20220930;19;23100;22051,125
20220930;20;23100;22734,025
20220930;21;22850;21993,088
20220930;22;21400;20493,638
20220930;23;19500;18942,263
20220930;24;18150;17580,950
